{
  "project_info": {
    "project_number": "664935989773",
    "project_id": "karblock-3f99f",
    "storage_bucket": "karblock-3f99f.appspot.com"
  },
  "client": [
    {
      "client_info": {
        "mobilesdk_app_id": "1:664935989773:android:687569296186a24a080b44",
        "android_client_info": {
          "package_name": "com.d2p"
        }
      },
      "oauth_client": [
        {
          "client_id": "664935989773-hfnr1ee9235s764avptg5r3unfn1ufiv.apps.googleusercontent.com",
          "client_type": 3
        }
      ],
      "api_key": [
        {
          "current_key": "AIzaSyA3CQOec4B1EZIuERr79VZFsu2yloJkDiE"
        }
      ],
      "services": {
        "appinvite_service": {
          "other_platform_oauth_client": [
            {
              "client_id": "664935989773-hfnr1ee9235s764avptg5r3unfn1ufiv.apps.googleusercontent.com",
              "client_type": 3
            },
            {
              "client_id": "664935989773-10g9uel2ss2au3oha0he2qdef1kj39uj.apps.googleusercontent.com",
              "client_type": 2,
              "ios_info": {
                "bundle_id": "com.karblock.renter"
              }
            }
          ]
        }
      }
    },
    {
      "client_info": {
        "mobilesdk_app_id": "1:664935989773:android:29448b44e43f89fc080b44",
        "android_client_info": {
          "package_name": "com.deleiveritc"
        }
      },
      "oauth_client": [
        {
          "client_id": "664935989773-f5n632ncek2ktqd1lnek3ba4kv5pambl.apps.googleusercontent.com",
          "client_type": 1,
          "android_info": {
            "package_name": "com.deleiveritc",
            "certificate_hash": "5e8f16062ea3cd2c4a0d547876baa6f38cabf625"
          }
        },
        {
          "client_id": "664935989773-hfnr1ee9235s764avptg5r3unfn1ufiv.apps.googleusercontent.com",
          "client_type": 3
        }
      ],
      "api_key": [
        {
          "current_key": "AIzaSyA3CQOec4B1EZIuERr79VZFsu2yloJkDiE"
        }
      ],
      "services": {
        "appinvite_service": {
          "other_platform_oauth_client": [
            {
              "client_id": "664935989773-hfnr1ee9235s764avptg5r3unfn1ufiv.apps.googleusercontent.com",
              "client_type": 3
            },
            {
              "client_id": "664935989773-10g9uel2ss2au3oha0he2qdef1kj39uj.apps.googleusercontent.com",
              "client_type": 2,
              "ios_info": {
                "bundle_id": "com.karblock.renter"
              }
            }
          ]
        }
      }
    },
    {
      "client_info": {
        "mobilesdk_app_id": "1:664935989773:android:b0ce40e884a49628080b44",
        "android_client_info": {
          "package_name": "com.deliver_it"
        }
      },
      "oauth_client": [
        {
          "client_id": "664935989773-vut04nj3fn8882q2e387q4qd4ip8vho5.apps.googleusercontent.com",
          "client_type": 1,
          "android_info": {
            "package_name": "com.deliver_it",
            "certificate_hash": "fd759eb6b557fa7fe168872614ecef6bbc1d2ec1"
          }
        },
        {
          "client_id": "664935989773-hfnr1ee9235s764avptg5r3unfn1ufiv.apps.googleusercontent.com",
          "client_type": 3
        }
      ],
      "api_key": [
        {
          "current_key": "AIzaSyA3CQOec4B1EZIuERr79VZFsu2yloJkDiE"
        }
      ],
      "services": {
        "appinvite_service": {
          "other_platform_oauth_client": [
            {
              "client_id": "664935989773-hfnr1ee9235s764avptg5r3unfn1ufiv.apps.googleusercontent.com",
              "client_type": 3
            },
            {
              "client_id": "664935989773-10g9uel2ss2au3oha0he2qdef1kj39uj.apps.googleusercontent.com",
              "client_type": 2,
              "ios_info": {
                "bundle_id": "com.karblock.renter"
              }
            }
          ]
        }
      }
    },
    {
      "client_info": {
        "mobilesdk_app_id": "1:664935989773:android:353263e9237db4a0080b44",
        "android_client_info": {
          "package_name": "com.deliveritapp"
        }
      },
      "oauth_client": [
        {
          "client_id": "664935989773-bqtjtubno64eotfi96qlm5stme99ttgb.apps.googleusercontent.com",
          "client_type": 1,
          "android_info": {
            "package_name": "com.deliveritapp",
            "certificate_hash": "174c68e9ce40dfc108ac1cc70e078a2a7a8221b2"
          }
        },
        {
          "client_id": "664935989773-hfnr1ee9235s764avptg5r3unfn1ufiv.apps.googleusercontent.com",
          "client_type": 3
        }
      ],
      "api_key": [
        {
          "current_key": "AIzaSyA3CQOec4B1EZIuERr79VZFsu2yloJkDiE"
        }
      ],
      "services": {
        "appinvite_service": {
          "other_platform_oauth_client": [
            {
              "client_id": "664935989773-hfnr1ee9235s764avptg5r3unfn1ufiv.apps.googleusercontent.com",
              "client_type": 3
            },
            {
              "client_id": "664935989773-10g9uel2ss2au3oha0he2qdef1kj39uj.apps.googleusercontent.com",
              "client_type": 2,
              "ios_info": {
                "bundle_id": "com.karblock.renter"
              }
            }
          ]
        }
      }
    },
    {
      "client_info": {
        "mobilesdk_app_id": "1:664935989773:android:67ce606d7ff6a28a080b44",
        "android_client_info": {
          "package_name": "com.fdc"
        }
      },
      "oauth_client": [
        {
          "client_id": "664935989773-8btvcpr2arqb0aciv2cbf163rf12h9er.apps.googleusercontent.com",
          "client_type": 1,
          "android_info": {
            "package_name": "com.fdc",
            "certificate_hash": "f0b33b0288456d1394c459bad54155eee632d5b2"
          }
        },
        {
          "client_id": "664935989773-arsacrn484nt39pp3bn0hvqbfvirr4lh.apps.googleusercontent.com",
          "client_type": 1,
          "android_info": {
            "package_name": "com.fdc",
            "certificate_hash": "5e8f16062ea3cd2c4a0d547876baa6f38cabf625"
          }
        },
        {
          "client_id": "664935989773-hfnr1ee9235s764avptg5r3unfn1ufiv.apps.googleusercontent.com",
          "client_type": 3
        }
      ],
      "api_key": [
        {
          "current_key": "AIzaSyA3CQOec4B1EZIuERr79VZFsu2yloJkDiE"
        }
      ],
      "services": {
        "appinvite_service": {
          "other_platform_oauth_client": [
            {
              "client_id": "664935989773-hfnr1ee9235s764avptg5r3unfn1ufiv.apps.googleusercontent.com",
              "client_type": 3
            },
            {
              "client_id": "664935989773-10g9uel2ss2au3oha0he2qdef1kj39uj.apps.googleusercontent.com",
              "client_type": 2,
              "ios_info": {
                "bundle_id": "com.karblock.renter"
              }
            }
          ]
        }
      }
    },
    {
      "client_info": {
        "mobilesdk_app_id": "1:664935989773:android:6f206011e994e83d080b44",
        "android_client_info": {
          "package_name": "com.karblock"
        }
      },
      "oauth_client": [
        {
          "client_id": "664935989773-6j3siqrmdhdhlajmqrkur756k7m2hfjo.apps.googleusercontent.com",
          "client_type": 1,
          "android_info": {
            "package_name": "com.karblock",
            "certificate_hash": "24100f591bae00e1193f4ac1aefc8225a87e1c26"
          }
        },
        {
          "client_id": "664935989773-6tf0dtmi5gl9ddnein54f8k4jr29ctld.apps.googleusercontent.com",
          "client_type": 1,
          "android_info": {
            "package_name": "com.karblock",
            "certificate_hash": "fd759eb6b557fa7fe168872614ecef6bbc1d2ec1"
          }
        },
        {
          "client_id": "664935989773-h5leclk13ns88hm3kjdlvftbid8fp0vj.apps.googleusercontent.com",
          "client_type": 1,
          "android_info": {
            "package_name": "com.karblock",
            "certificate_hash": "6cd747bae9c0ad568635fe79168a6124293cae66"
          }
        },
        {
          "client_id": "664935989773-ipl6s2ahs964odv43cdhqeb2v3selp91.apps.googleusercontent.com",
          "client_type": 1,
          "android_info": {
            "package_name": "com.karblock",
            "certificate_hash": "95ee87ee3c35c2b22def85d5570528249f60e8a1"
          }
        },
        {
          "client_id": "664935989773-koupvajvb2undk6ldt954cgiu3p8modj.apps.googleusercontent.com",
          "client_type": 1,
          "android_info": {
            "package_name": "com.karblock",
            "certificate_hash": "aad8f2ef66c10c9611c72e77e3bc8a7c4666f0d1"
          }
        },
        {
          "client_id": "664935989773-oejoc3cgdkt05jlr19qluj5ebs7chatk.apps.googleusercontent.com",
          "client_type": 1,
          "android_info": {
            "package_name": "com.karblock",
            "certificate_hash": "a2d3e6432180ab403b040afa2411b83fd3124e5e"
          }
        },
        {
          "client_id": "664935989773-hfnr1ee9235s764avptg5r3unfn1ufiv.apps.googleusercontent.com",
          "client_type": 3
        }
      ],
      "api_key": [
        {
          "current_key": "AIzaSyA3CQOec4B1EZIuERr79VZFsu2yloJkDiE"
        }
      ],
      "services": {
        "appinvite_service": {
          "other_platform_oauth_client": [
            {
              "client_id": "664935989773-hfnr1ee9235s764avptg5r3unfn1ufiv.apps.googleusercontent.com",
              "client_type": 3
            },
            {
              "client_id": "664935989773-10g9uel2ss2au3oha0he2qdef1kj39uj.apps.googleusercontent.com",
              "client_type": 2,
              "ios_info": {
                "bundle_id": "com.karblock.renter"
              }
            }
          ]
        }
      }
    },
    {
      "client_info": {
        "mobilesdk_app_id": "1:664935989773:android:10949d834ad6443d080b44",
        "android_client_info": {
          "package_name": "com.karblockowner"
        }
      },
      "oauth_client": [
        {
          "client_id": "664935989773-0b2pels0oe16jpgbf20gor7218ud85na.apps.googleusercontent.com",
          "client_type": 1,
          "android_info": {
            "package_name": "com.karblockowner",
            "certificate_hash": "aad8f2ef66c10c9611c72e77e3bc8a7c4666f0d1"
          }
        },
        {
          "client_id": "664935989773-45467gh8re3shqf4ijufb8jsi160o5rh.apps.googleusercontent.com",
          "client_type": 1,
          "android_info": {
            "package_name": "com.karblockowner",
            "certificate_hash": "6cd747bae9c0ad568635fe79168a6124293cae66"
          }
        },
        {
          "client_id": "664935989773-glaf33d5gqac0hpvrsaeli8gvc67v8a3.apps.googleusercontent.com",
          "client_type": 1,
          "android_info": {
            "package_name": "com.karblockowner",
            "certificate_hash": "53fe7aed610c40b964d481c063f403fd1d58d344"
          }
        },
        {
          "client_id": "664935989773-hjke20ev4leed9rrscvoe0a23kb1q7ak.apps.googleusercontent.com",
          "client_type": 1,
          "android_info": {
            "package_name": "com.karblockowner",
            "certificate_hash": "7ed828ce87e4b8c38f95a9e17450826aa18e2fa6"
          }
        },
        {
          "client_id": "664935989773-hlk2dtk5pbmhfsjlg4fmribrlkb9bur8.apps.googleusercontent.com",
          "client_type": 1,
          "android_info": {
            "package_name": "com.karblockowner",
            "certificate_hash": "f0ddda0d431c037b55703540d0b6ba00d1410b36"
          }
        },
        {
          "client_id": "664935989773-n6eu55rmficmr1b4utrd488nrtghj1p4.apps.googleusercontent.com",
          "client_type": 1,
          "android_info": {
            "package_name": "com.karblockowner",
            "certificate_hash": "fd759eb6b557fa7fe168872614ecef6bbc1d2ec1"
          }
        },
        {
          "client_id": "664935989773-hfnr1ee9235s764avptg5r3unfn1ufiv.apps.googleusercontent.com",
          "client_type": 3
        }
      ],
      "api_key": [
        {
          "current_key": "AIzaSyA3CQOec4B1EZIuERr79VZFsu2yloJkDiE"
        }
      ],
      "services": {
        "appinvite_service": {
          "other_platform_oauth_client": [
            {
              "client_id": "664935989773-hfnr1ee9235s764avptg5r3unfn1ufiv.apps.googleusercontent.com",
              "client_type": 3
            },
            {
              "client_id": "664935989773-10g9uel2ss2au3oha0he2qdef1kj39uj.apps.googleusercontent.com",
              "client_type": 2,
              "ios_info": {
                "bundle_id": "com.karblock.renter"
              }
            }
          ]
        }
      }
    },
    {
      "client_info": {
        "mobilesdk_app_id": "1:664935989773:android:2c8af06213c7396b080b44",
        "android_client_info": {
          "package_name": "com.x2"
        }
      },
      "oauth_client": [
        {
          "client_id": "664935989773-hfnr1ee9235s764avptg5r3unfn1ufiv.apps.googleusercontent.com",
          "client_type": 3
        }
      ],
      "api_key": [
        {
          "current_key": "AIzaSyA3CQOec4B1EZIuERr79VZFsu2yloJkDiE"
        }
      ],
      "services": {
        "appinvite_service": {
          "other_platform_oauth_client": [
            {
              "client_id": "664935989773-hfnr1ee9235s764avptg5r3unfn1ufiv.apps.googleusercontent.com",
              "client_type": 3
            },
            {
              "client_id": "664935989773-10g9uel2ss2au3oha0he2qdef1kj39uj.apps.googleusercontent.com",
              "client_type": 2,
              "ios_info": {
                "bundle_id": "com.karblock.renter"
              }
            }
          ]
        }
      }
    }
  ],
  "configuration_version": "1"
}